userId,objectId,rating,timestamp
0,29,2.0,2.0
0,2,4.0,4.0
0,11,5.0,5.0
0,12,4.0,4.0
0,79,4.0,4.0
0,66,4.0,4.0
0,9,4.0,4.0
0,89,2.0,2.0
0,41,2.0,2.0
0,14,4.0,4.0
0,30,5.0,5.0
0,50,3.0,3.0
0,32,1.0,1.0
0,4,2.0,2.0
0,6,5.0,5.0
0,7,4.0,4.0
0,53,5.0,5.0
0,87,2.0,2.0
0,54,1.0,1.0
0,13,2.0,2.0
0,57,1.0,1.0
0,92,1.0,1.0
0,23,4.0,4.0
0,46,4.0,4.0
0,21,5.0,5.0
0,22,5.0,5.0
0,45,2.0,2.0
0,17,3.0,3.0
0,70,1.0,1.0
0,85,3.0,3.0
0,74,5.0,5.0
0,80,1.0,1.0
0,82,1.0,1.0
0,83,1.0,1.0
0,93,2.0,2.0
0,18,2.0,2.0
0,27,3.0,3.0
0,34,2.0,2.0
0,88,4.0,4.0
0,94,2.0,2.0
0,69,5.0,5.0
0,90,3.0,3.0
0,67,5.0,5.0
0,35,3.0,3.0
0,71,1.0,1.0
0,72,4.0,4.0
0,3,4.0,4.0
0,86,1.0,1.0
0,16,2.0,2.0
0,78,1.0,1.0
0,65,1.0,1.0
0,37,4.0,4.0
0,0,4.0,4.0
0,5,3.0,3.0
0,19,5.0,5.0
0,52,2.0,2.0
0,77,2.0,2.0
0,48,2.0,2.0
0,49,1.0,1.0
0,62,3.0,3.0
0,39,4.0,4.0
0,36,3.0,3.0
0,25,3.0,3.0
0,38,3.0,3.0
0,47,1.0,1.0
0,81,5.0,5.0
0,26,3.0,3.0
0,75,5.0,5.0
0,1,2.0,2.0
0,24,5.0,5.0
0,28,3.0,3.0
0,91,5.0,5.0
0,56,3.0,3.0
0,59,1.0,1.0
0,63,3.0,3.0
0,33,1.0,1.0
0,44,5.0,5.0
0,51,3.0,3.0
1,0,5.0,5.0
1,1,3.0,3.0
1,3,3.0,3.0
1,5,3.0,3.0
1,84,3.0,3.0
1,8,2.0,2.0
1,37,5.0,5.0
1,12,1.0,1.0
1,19,4.0,4.0
1,29,1.0,1.0
1,10,3.0,3.0
1,11,5.0,5.0
1,58,5.0,5.0
1,61,1.0,1.0
1,64,1.0,1.0
1,75,5.0,5.0
1,66,4.0,4.0
1,89,5.0,5.0
1,14,5.0,5.0
1,85,5.0,5.0
1,93,4.0,4.0
1,73,4.0,4.0
1,16,1.0,1.0
1,74,3.0,3.0
1,76,3.0,3.0
1,2,2.0,2.0
1,51,1.0,1.0
1,72,2.0,2.0
1,23,2.0,2.0
1,79,4.0,4.0
1,50,3.0,3.0
1,32,1.0,1.0
1,9,4.0,4.0
1,18,1.0,1.0
1,78,1.0,1.0
1,4,2.0,2.0
1,60,4.0,4.0
1,21,4.0,4.0
1,35,2.0,2.0
1,7,2.0,2.0
1,71,2.0,2.0
1,49,2.0,2.0
2,50,3.0,3.0
2,32,1.0,1.0
2,4,1.0,1.0
2,11,5.0,5.0
2,14,5.0,5.0
2,30,5.0,5.0
2,2,2.0,2.0
2,83,1.0,1.0
2,35,2.0,2.0
2,53,5.0,5.0
2,9,3.0,3.0
2,54,1.0,1.0
2,13,2.0,2.0
2,16,2.0,2.0
2,18,2.0,2.0
2,21,4.0,4.0
2,78,1.0,1.0
2,88,4.0,4.0
2,89,5.0,5.0
2,93,3.0,3.0
2,22,4.0,4.0
2,75,5.0,5.0
2,48,2.0,2.0
2,34,3.0,3.0
2,49,2.0,2.0
2,6,5.0,5.0
2,85,4.0,4.0
2,17,3.0,3.0
2,45,3.0,3.0
2,90,4.0,4.0
2,7,4.0,4.0
2,82,1.0,1.0
2,94,2.0,2.0
2,23,2.0,2.0
2,25,3.0,3.0
2,26,1.0,1.0
2,27,3.0,3.0
2,56,2.0,2.0
2,62,4.0,4.0
2,65,1.0,1.0
2,69,4.0,4.0
2,71,2.0,2.0
2,70,1.0,1.0
2,74,5.0,5.0
2,91,5.0,5.0
2,66,4.0,4.0
2,37,5.0,5.0
2,39,2.0,2.0
2,86,3.0,3.0
2,80,1.0,1.0
2,72,3.0,3.0
2,67,5.0,5.0
2,57,1.0,1.0
2,46,4.0,4.0
2,87,1.0,1.0
2,47,3.0,3.0
2,81,4.0,4.0
3,0,5.0,5.0
3,4,1.0,1.0
3,7,3.0,3.0
3,10,3.0,3.0
3,11,5.0,5.0
3,57,1.0,1.0
3,61,1.0,1.0
3,29,2.0,2.0
3,12,2.0,2.0
3,30,5.0,5.0
3,50,4.0,4.0
3,32,1.0,1.0
3,53,5.0,5.0
3,54,2.0,2.0
3,17,2.0,2.0
3,18,2.0,2.0
3,21,4.0,4.0
3,62,4.0,4.0
3,1,2.0,2.0
3,3,2.0,2.0
3,68,5.0,5.0
3,5,4.0,4.0
3,55,5.0,5.0
3,19,5.0,5.0
3,79,4.0,4.0
3,48,3.0,3.0
3,65,2.0,2.0
3,2,2.0,2.0
3,83,1.0,1.0
3,13,1.0,1.0
3,14,3.0,3.0
3,26,1.0,1.0
3,27,3.0,3.0
3,64,1.0,1.0
3,6,5.0,5.0
3,71,1.0,1.0
3,67,3.0,3.0
3,37,4.0,4.0
3,91,5.0,5.0
3,35,3.0,3.0
3,84,2.0,2.0
3,88,4.0,4.0
3,22,4.0,4.0
3,66,4.0,4.0
3,90,5.0,5.0
3,73,5.0,5.0
3,49,3.0,3.0
3,69,5.0,5.0
3,16,1.0,1.0
3,78,1.0,1.0
3,9,3.0,3.0
3,86,2.0,2.0
3,72,3.0,3.0
3,94,4.0,4.0
3,74,4.0,4.0
3,23,4.0,4.0
3,76,3.0,3.0
3,45,4.0,4.0
3,85,4.0,4.0
3,75,5.0,5.0
3,77,2.0,2.0
3,82,1.0,1.0
3,25,2.0,2.0
3,60,3.0,3.0
3,39,3.0,3.0
3,34,3.0,3.0
3,93,3.0,3.0
3,89,2.0,2.0
3,51,1.0,1.0
3,43,1.0,1.0
3,8,2.0,2.0
3,81,5.0,5.0
3,58,5.0,5.0
3,56,2.0,2.0
3,46,4.0,4.0
3,80,1.0,1.0
3,33,1.0,1.0
4,2,2.0,2.0
4,11,5.0,5.0
4,30,5.0,5.0
4,32,1.0,1.0
4,35,3.0,3.0
4,53,5.0,5.0
4,69,5.0,5.0
4,93,3.0,3.0
4,50,3.0,3.0
4,4,1.0,1.0
4,90,4.0,4.0
4,0,5.0,5.0
4,1,2.0,2.0
4,3,2.0,2.0
4,37,5.0,5.0
4,10,3.0,3.0
4,18,2.0,2.0
4,60,4.0,4.0
4,66,4.0,4.0
4,14,4.0,4.0
4,7,3.0,3.0
4,9,3.0,3.0
4,13,2.0,2.0
4,25,4.0,4.0
4,29,1.0,1.0
4,5,3.0,3.0
4,55,5.0,5.0
4,19,5.0,5.0
4,61,1.0,1.0
4,64,1.0,1.0
4,49,1.0,1.0
4,16,2.0,2.0
4,78,1.0,1.0
4,6,5.0,5.0
4,71,2.0,2.0
4,21,3.0,3.0
4,12,4.0,4.0
4,54,2.0,2.0
4,70,1.0,1.0
4,45,4.0,4.0
4,27,3.0,3.0
4,86,1.0,1.0
4,72,2.0,2.0
4,79,3.0,3.0
4,89,5.0,5.0
4,23,4.0,4.0
4,75,5.0,5.0
4,85,4.0,4.0
4,83,3.0,3.0
4,94,2.0,2.0
4,67,4.0,4.0
4,57,1.0,1.0
4,62,4.0,4.0
4,46,3.0,3.0
4,82,1.0,1.0
4,74,5.0,5.0
4,34,3.0,3.0
4,17,2.0,2.0
4,26,1.0,1.0
4,80,2.0,2.0
4,22,4.0,4.0
4,51,1.0,1.0
4,47,1.0,1.0
4,88,4.0,4.0
4,76,3.0,3.0
4,91,5.0,5.0
4,81,5.0,5.0
4,38,4.0,4.0
4,41,1.0,1.0
4,52,2.0,2.0
4,48,2.0,2.0
5,2,2.0,2.0
5,32,2.0,2.0
5,4,1.0,1.0
5,6,5.0,5.0
5,14,3.0,3.0
5,17,4.0,4.0
5,21,5.0,5.0
5,45,3.0,3.0
5,30,5.0,5.0
5,50,3.0,3.0
5,53,5.0,5.0
5,54,1.0,1.0
5,18,2.0,2.0
5,62,4.0,4.0
5,49,2.0,2.0
5,67,4.0,4.0
5,83,2.0,2.0
5,35,4.0,4.0
5,9,3.0,3.0
5,13,2.0,2.0
5,94,2.0,2.0
5,23,4.0,4.0
5,46,3.0,3.0
5,34,3.0,3.0
5,71,2.0,2.0
5,44,5.0,5.0
5,75,5.0,5.0
5,11,5.0,5.0
5,22,4.0,4.0
5,85,3.0,3.0
5,66,4.0,4.0
5,29,4.0,4.0
5,3,5.0,5.0
5,8,5.0,5.0
5,65,1.0,1.0
5,37,4.0,4.0
5,16,2.0,2.0
5,7,4.0,4.0
5,52,3.0,3.0
5,70,1.0,1.0
5,1,4.0,4.0
5,5,2.0,2.0
5,12,4.0,4.0
5,90,4.0,4.0
5,0,4.0,4.0
5,88,3.0,3.0
5,19,5.0,5.0
5,72,3.0,3.0
5,47,3.0,3.0
5,82,1.0,1.0
5,87,1.0,1.0
5,93,1.0,1.0
5,48,2.0,2.0
5,27,2.0,2.0
5,64,1.0,1.0
5,89,3.0,3.0
5,25,3.0,3.0
5,57,1.0,1.0
5,81,5.0,5.0
5,10,1.0,1.0
5,79,2.0,2.0
5,63,5.0,5.0
5,39,3.0,3.0
5,56,2.0,2.0
5,26,1.0,1.0
5,74,5.0,5.0
5,38,4.0,4.0
5,69,5.0,5.0
5,41,2.0,2.0
5,80,1.0,1.0
5,78,1.0,1.0
5,36,2.0,2.0
5,33,1.0,1.0
5,86,1.0,1.0
5,77,3.0,3.0
5,91,5.0,5.0
5,92,1.0,1.0
6,48,3.0,3.0
6,2,2.0,2.0
6,83,2.0,2.0
6,34,4.0,4.0
6,14,4.0,4.0
6,16,2.0,2.0
6,18,2.0,2.0
6,21,4.0,4.0
6,22,5.0,5.0
6,78,1.0,1.0
6,49,2.0,2.0
6,50,3.0,3.0
6,67,4.0,4.0
6,35,4.0,4.0
6,9,3.0,3.0
6,13,2.0,2.0
6,94,2.0,2.0
6,23,4.0,4.0
6,62,4.0,4.0
6,46,3.0,3.0
6,4,1.0,1.0
6,82,1.0,1.0
6,7,4.0,4.0
6,57,1.0,1.0
6,17,3.0,3.0
6,59,1.0,1.0
6,32,2.0,2.0
6,11,5.0,5.0
6,70,1.0,1.0
6,25,3.0,3.0
6,26,1.0,1.0
6,27,3.0,3.0
6,85,4.0,4.0
6,89,3.0,3.0
6,92,1.0,1.0
6,93,2.0,2.0
6,38,3.0,3.0
6,52,4.0,4.0
6,66,4.0,4.0
6,71,2.0,2.0
6,6,5.0,5.0
6,45,3.0,3.0
6,86,2.0,2.0
6,63,4.0,4.0
6,72,3.0,3.0
6,77,1.0,1.0
6,69,5.0,5.0
6,56,1.0,1.0
6,1,3.0,3.0
6,5,2.0,2.0
6,19,5.0,5.0
6,30,5.0,5.0
6,54,1.0,1.0
6,3,4.0,4.0
6,8,5.0,5.0
6,64,1.0,1.0
6,33,1.0,1.0
6,36,1.0,1.0
6,37,5.0,5.0
6,39,3.0,3.0
6,90,3.0,3.0
6,29,4.0,4.0
6,12,4.0,4.0
6,74,5.0,5.0
6,53,5.0,5.0
6,47,2.0,2.0
6,87,1.0,1.0
6,0,3.0,3.0
6,65,2.0,2.0
6,75,5.0,5.0
6,88,4.0,4.0
6,58,5.0,5.0
6,51,2.0,2.0
6,10,1.0,1.0
6,81,5.0,5.0
6,41,2.0,2.0
6,44,5.0,5.0
6,24,3.0,3.0
6,80,1.0,1.0
6,91,5.0,5.0
6,79,5.0,5.0
7,2,2.0,2.0
7,32,1.0,1.0
7,34,1.0,1.0
7,7,4.0,4.0
7,13,2.0,2.0
7,14,4.0,4.0
7,70,1.0,1.0
7,16,3.0,3.0
7,17,4.0,4.0
7,18,2.0,2.0
7,26,1.0,1.0
7,78,1.0,1.0
7,3,5.0,5.0
7,37,5.0,5.0
7,69,3.0,3.0
7,11,5.0,5.0
7,19,5.0,5.0
7,8,5.0,5.0
7,72,2.0,2.0
7,74,2.0,2.0
7,66,4.0,4.0
7,89,4.0,4.0
7,91,5.0,5.0
7,93,3.0,3.0
7,75,5.0,5.0
7,35,3.0,3.0
7,23,4.0,4.0
7,30,5.0,5.0
7,53,5.0,5.0
7,94,2.0,2.0
7,21,4.0,4.0
7,4,2.0,2.0
7,82,1.0,1.0
7,57,1.0,1.0
7,54,2.0,2.0
7,86,1.0,1.0
7,50,3.0,3.0
7,90,5.0,5.0
7,1,5.0,5.0
7,5,3.0,3.0
7,85,3.0,3.0
7,81,4.0,4.0
7,83,1.0,1.0
7,9,4.0,4.0
7,22,5.0,5.0
7,25,3.0,3.0
7,27,3.0,3.0
7,46,4.0,4.0
7,48,2.0,2.0
7,49,1.0,1.0
7,62,2.0,2.0
7,29,4.0,4.0
7,0,4.0,4.0
7,40,3.0,3.0
7,71,1.0,1.0
7,6,5.0,5.0
7,63,3.0,3.0
7,12,4.0,4.0
7,39,4.0,4.0
7,77,2.0,2.0
7,80,1.0,1.0
7,38,3.0,3.0
7,88,2.0,2.0
7,47,2.0,2.0
7,44,5.0,5.0
7,64,1.0,1.0
7,45,3.0,3.0
7,67,3.0,3.0
7,87,1.0,1.0
7,65,2.0,2.0
8,53,5.0,5.0
8,11,5.0,5.0
8,66,4.0,4.0
8,2,1.0,1.0
8,9,4.0,4.0
8,89,4.0,4.0
8,14,5.0,5.0
8,93,4.0,4.0
8,23,2.0,2.0
8,75,5.0,5.0
8,18,1.0,1.0
8,85,3.0,3.0
8,37,3.0,3.0
8,72,3.0,3.0
8,21,3.0,3.0
8,17,4.0,4.0
8,50,1.0,1.0
8,83,1.0,1.0
8,71,2.0,2.0
8,7,2.0,2.0
8,16,2.0,2.0
8,35,2.0,2.0
8,4,1.0,1.0
8,42,5.0,5.0
8,74,3.0,3.0
9,29,2.0,2.0
9,0,5.0,5.0
9,1,3.0,3.0
9,5,2.0,2.0
9,7,2.0,2.0
9,37,4.0,4.0
9,11,5.0,5.0
9,55,5.0,5.0
9,72,2.0,2.0
9,19,4.0,4.0
9,61,1.0,1.0
9,8,4.0,4.0
9,3,3.0,3.0
9,51,1.0,1.0
9,35,2.0,2.0
9,10,1.0,1.0
9,86,1.0,1.0
9,14,4.0,4.0
9,15,4.0,4.0
9,16,2.0,2.0
9,60,3.0,3.0
9,20,4.0,4.0
9,78,1.0,1.0
9,12,4.0,4.0
9,68,3.0,3.0
9,58,5.0,5.0
9,89,5.0,5.0
9,75,5.0,5.0
9,2,1.0,1.0
9,18,1.0,1.0
9,64,1.0,1.0
9,76,2.0,2.0
9,66,3.0,3.0
9,93,3.0,3.0
9,79,2.0,2.0
9,74,3.0,3.0
9,85,3.0,3.0
9,73,5.0,5.0
10,30,5.0,5.0
10,66,4.0,4.0
10,2,2.0,2.0
10,7,3.0,3.0
10,53,5.0,5.0
10,54,1.0,1.0
10,69,5.0,5.0
10,9,4.0,4.0
10,93,3.0,3.0
10,23,4.0,4.0
10,32,1.0,1.0
10,87,2.0,2.0
10,86,1.0,1.0
10,72,2.0,2.0
10,21,4.0,4.0
10,83,1.0,1.0
10,85,3.0,3.0
10,89,5.0,5.0
10,14,4.0,4.0
10,75,5.0,5.0
10,81,3.0,3.0
10,4,1.0,1.0
10,11,5.0,5.0
10,16,1.0,1.0
10,57,1.0,1.0
10,17,3.0,3.0
10,18,2.0,2.0
10,0,5.0,5.0
10,37,5.0,5.0
10,19,5.0,5.0
10,76,3.0,3.0
10,1,4.0,4.0
10,3,3.0,3.0
10,5,2.0,2.0
10,10,2.0,2.0
10,79,4.0,4.0
10,50,3.0,3.0
10,35,3.0,3.0
10,38,3.0,3.0
10,94,2.0,2.0
10,46,4.0,4.0
10,60,2.0,2.0
10,56,2.0,2.0
10,39,4.0,4.0
10,91,5.0,5.0
10,71,2.0,2.0
10,68,5.0,5.0
10,8,2.0,2.0
10,12,2.0,2.0
10,58,5.0,5.0
10,64,1.0,1.0
10,6,5.0,5.0
10,25,4.0,4.0
10,70,1.0,1.0
10,78,1.0,1.0
10,61,1.0,1.0
10,49,2.0,2.0
10,77,3.0,3.0
10,84,3.0,3.0
10,88,4.0,4.0
10,90,4.0,4.0
10,74,5.0,5.0
10,26,1.0,1.0
10,67,4.0,4.0
10,34,3.0,3.0
10,73,4.0,4.0
10,62,5.0,5.0
10,27,3.0,3.0
10,48,2.0,2.0
10,80,1.0,1.0
10,13,1.0,1.0
10,22,4.0,4.0
10,82,1.0,1.0
10,29,2.0,2.0
10,45,3.0,3.0
11,0,5.0,5.0
11,1,4.0,4.0
11,3,3.0,3.0
11,5,3.0,3.0
11,37,4.0,4.0
11,11,5.0,5.0
11,10,2.0,2.0
11,16,2.0,2.0
11,95,2.0,2.0
11,61,1.0,1.0
11,76,3.0,3.0
11,64,1.0,1.0
11,66,4.0,4.0
11,2,2.0,2.0
11,35,2.0,2.0
11,89,5.0,5.0
11,14,5.0,5.0
11,93,4.0,4.0
11,75,5.0,5.0
11,29,2.0,2.0
11,12,1.0,1.0
11,19,4.0,4.0
11,68,4.0,4.0
11,55,5.0,5.0
11,58,5.0,5.0
11,72,2.0,2.0
11,84,3.0,3.0
11,73,4.0,4.0
11,67,3.0,3.0
11,79,3.0,3.0
11,85,3.0,3.0
11,71,2.0,2.0
11,18,3.0,3.0
11,86,1.0,1.0
11,51,1.0,1.0
11,8,1.0,1.0
11,43,1.0,1.0
11,60,4.0,4.0
11,78,1.0,1.0
12,29,4.0,4.0
12,11,5.0,5.0
12,12,4.0,4.0
12,79,1.0,1.0
12,2,2.0,2.0
12,4,1.0,1.0
12,6,5.0,5.0
12,7,3.0,3.0
12,9,3.0,3.0
12,14,3.0,3.0
12,16,2.0,2.0
12,17,3.0,3.0
12,21,4.0,4.0
12,22,4.0,4.0
12,23,3.0,3.0
12,27,3.0,3.0
12,35,3.0,3.0
12,46,4.0,4.0
12,48,2.0,2.0
12,49,2.0,2.0
12,50,3.0,3.0
12,70,1.0,1.0
12,66,3.0,3.0
12,85,4.0,4.0
12,39,3.0,3.0
12,88,4.0,4.0
12,81,5.0,5.0
12,83,1.0,1.0
12,18,2.0,2.0
12,30,5.0,5.0
12,34,4.0,4.0
12,53,5.0,5.0
12,89,2.0,2.0
12,94,2.0,2.0
12,80,2.0,2.0
12,26,1.0,1.0
12,62,4.0,4.0
12,69,4.0,4.0
12,78,1.0,1.0
12,3,4.0,4.0
12,19,5.0,5.0
12,82,1.0,1.0
12,13,2.0,2.0
12,25,3.0,3.0
12,32,1.0,1.0
12,57,1.0,1.0
12,72,2.0,2.0
12,38,3.0,3.0
12,90,5.0,5.0
12,0,4.0,4.0
12,1,4.0,4.0
12,5,2.0,2.0
12,45,4.0,4.0
12,65,2.0,2.0
12,71,1.0,1.0
12,8,5.0,5.0
12,93,1.0,1.0
12,37,5.0,5.0
12,10,2.0,2.0
12,86,3.0,3.0
12,67,5.0,5.0
12,54,2.0,2.0
12,74,5.0,5.0
12,41,3.0,3.0
12,75,5.0,5.0
12,42,5.0,5.0
12,64,1.0,1.0
12,91,5.0,5.0
12,47,1.0,1.0
12,43,1.0,1.0
13,0,5.0,5.0
13,68,5.0,5.0
13,5,2.0,2.0
13,37,5.0,5.0
13,11,5.0,5.0
13,10,2.0,2.0
13,19,4.0,4.0
13,64,1.0,1.0
13,30,5.0,5.0
13,32,1.0,1.0
13,53,5.0,5.0
13,13,2.0,2.0
13,18,2.0,2.0
13,66,4.0,4.0
13,2,2.0,2.0
13,7,4.0,4.0
13,35,3.0,3.0
13,14,3.0,3.0
13,89,3.0,3.0
13,16,2.0,2.0
13,93,2.0,2.0
13,72,4.0,4.0
13,25,3.0,3.0
13,81,5.0,5.0
13,74,5.0,5.0
13,76,3.0,3.0
13,50,3.0,3.0
13,34,2.0,2.0
13,85,5.0,5.0
13,6,5.0,5.0
13,22,5.0,5.0
13,23,4.0,4.0
13,27,3.0,3.0
13,3,3.0,3.0
13,60,3.0,3.0
13,79,3.0,3.0
13,39,3.0,3.0
13,91,2.0,2.0
13,21,4.0,4.0
13,75,5.0,5.0
13,90,4.0,4.0
13,78,1.0,1.0
13,4,1.0,1.0
13,57,1.0,1.0
13,88,4.0,4.0
13,28,4.0,4.0
13,48,2.0,2.0
13,9,3.0,3.0
13,54,2.0,2.0
13,62,4.0,4.0
13,83,1.0,1.0
13,17,4.0,4.0
13,94,1.0,1.0
13,49,2.0,2.0
13,51,2.0,2.0
13,8,2.0,2.0
13,67,4.0,4.0
13,47,3.0,3.0
13,1,3.0,3.0
13,61,1.0,1.0
13,58,5.0,5.0
13,45,4.0,4.0
13,12,1.0,1.0
13,42,5.0,5.0
13,71,2.0,2.0
13,46,3.0,3.0
13,80,1.0,1.0
13,82,1.0,1.0
13,70,1.0,1.0
13,86,1.0,1.0
13,69,5.0,5.0
13,26,1.0,1.0
13,52,4.0,4.0
13,65,1.0,1.0
13,29,4.0,4.0
13,41,1.0,1.0
14,50,2.0,2.0
14,2,2.0,2.0
14,11,5.0,5.0
14,18,1.0,1.0
14,22,3.0,3.0
14,23,3.0,3.0
14,0,3.0,3.0
14,1,2.0,2.0
14,66,2.0,2.0
14,3,4.0,4.0
14,8,3.0,3.0
14,17,5.0,5.0
14,14,4.0,4.0
14,72,3.0,3.0
14,29,4.0,4.0
14,35,5.0,5.0
14,13,2.0,2.0
14,74,2.0,2.0
14,49,2.0,2.0
14,83,1.0,1.0
14,37,3.0,3.0
14,71,1.0,1.0
14,88,5.0,5.0
14,32,1.0,1.0
14,4,2.0,2.0
14,36,1.0,1.0
14,82,1.0,1.0
14,9,3.0,3.0
14,85,4.0,4.0
14,42,5.0,5.0
14,7,4.0,4.0
14,89,3.0,3.0
14,93,2.0,2.0
14,75,5.0,5.0
14,57,1.0,1.0
14,30,4.0,4.0
14,53,5.0,5.0
14,21,4.0,4.0
14,67,1.0,1.0
14,16,1.0,1.0
14,28,3.0,3.0
14,39,5.0,5.0
14,90,4.0,4.0
15,49,2.0,2.0
15,2,2.0,2.0
15,32,2.0,2.0
15,4,1.0,1.0
15,6,5.0,5.0
15,34,3.0,3.0
15,14,3.0,3.0
15,57,1.0,1.0
15,17,4.0,4.0
15,18,2.0,2.0
15,21,5.0,5.0
15,22,5.0,5.0
15,62,4.0,4.0
15,45,3.0,3.0
15,70,1.0,1.0
15,41,2.0,2.0
15,25,3.0,3.0
15,66,3.0,3.0
15,52,3.0,3.0
15,9,4.0,4.0
15,69,5.0,5.0
15,11,5.0,5.0
15,89,2.0,2.0
15,93,2.0,2.0
15,23,4.0,4.0
15,30,5.0,5.0
15,36,2.0,2.0
15,54,1.0,1.0
15,86,3.0,3.0
15,50,3.0,3.0
15,82,1.0,1.0
15,7,4.0,4.0
15,35,3.0,3.0
15,87,2.0,2.0
15,71,1.0,1.0
15,16,2.0,2.0
15,13,2.0,2.0
15,78,1.0,1.0
15,83,1.0,1.0
15,94,2.0,2.0
15,26,1.0,1.0
15,48,2.0,2.0
15,72,2.0,2.0
15,74,5.0,5.0
15,47,3.0,3.0
15,65,1.0,1.0
15,27,3.0,3.0
15,1,4.0,4.0
15,37,5.0,5.0
15,40,4.0,4.0
15,88,3.0,3.0
15,44,5.0,5.0
15,85,3.0,3.0
15,39,3.0,3.0
15,91,5.0,5.0
15,75,5.0,5.0
15,53,5.0,5.0
15,46,4.0,4.0
15,67,4.0,4.0
15,81,5.0,5.0
15,33,1.0,1.0
15,56,2.0,2.0
15,38,3.0,3.0
15,80,1.0,1.0
15,5,2.0,2.0
15,12,4.0,4.0
15,19,5.0,5.0
15,90,4.0,4.0
15,92,1.0,1.0
15,29,4.0,4.0
15,63,4.0,4.0
15,0,4.0,4.0
15,3,5.0,5.0
15,8,4.0,4.0
15,10,1.0,1.0
15,64,1.0,1.0
15,79,4.0,4.0
15,77,3.0,3.0
15,59,1.0,1.0
16,66,4.0,4.0
16,50,4.0,4.0
16,2,3.0,3.0
16,83,2.0,2.0
16,7,4.0,4.0
16,89,5.0,5.0
16,14,4.0,4.0
16,71,2.0,2.0
16,16,2.0,2.0
16,17,3.0,3.0
16,18,2.0,2.0
16,56,3.0,3.0
16,74,5.0,5.0
16,75,5.0,5.0
16,62,5.0,5.0
16,78,1.0,1.0
16,49,2.0,2.0
16,32,2.0,2.0
16,4,2.0,2.0
16,33,3.0,3.0
16,6,5.0,5.0
16,9,4.0,4.0
16,34,3.0,3.0
16,13,2.0,2.0
16,21,5.0,5.0
16,25,3.0,3.0
16,45,4.0,4.0
16,30,4.0,4.0
16,53,5.0,5.0
16,93,3.0,3.0
16,94,1.0,1.0
16,11,5.0,5.0
16,69,5.0,5.0
16,39,1.0,1.0
16,91,3.0,3.0
16,85,4.0,4.0
16,22,5.0,5.0
16,26,1.0,1.0
16,35,3.0,3.0
16,1,4.0,4.0
16,51,1.0,1.0
16,86,1.0,1.0
16,88,2.0,2.0
16,12,3.0,3.0
16,0,5.0,5.0
16,37,5.0,5.0
16,19,5.0,5.0
16,76,4.0,4.0
16,23,4.0,4.0
16,3,4.0,4.0
16,64,1.0,1.0
16,72,4.0,4.0
16,43,1.0,1.0
16,27,3.0,3.0
16,90,2.0,2.0
16,5,3.0,3.0
16,10,2.0,2.0
16,79,1.0,1.0
16,57,1.0,1.0
16,48,1.0,1.0
16,61,1.0,1.0
16,29,2.0,2.0
16,67,5.0,5.0
16,36,2.0,2.0
16,46,5.0,5.0
16,52,3.0,3.0
16,70,1.0,1.0
16,60,4.0,4.0
16,38,3.0,3.0
16,41,1.0,1.0
16,54,2.0,2.0
16,80,2.0,2.0
16,82,1.0,1.0
16,81,3.0,3.0
16,87,1.0,1.0
16,84,4.0,4.0
17,2,2.0,2.0
17,11,5.0,5.0
17,0,5.0,5.0
17,49,2.0,2.0
17,4,2.0,2.0
17,13,2.0,2.0
17,16,2.0,2.0
17,57,1.0,1.0
17,72,1.0,1.0
17,43,1.0,1.0
17,78,3.0,3.0
17,29,3.0,3.0
17,1,4.0,4.0
17,3,4.0,4.0
17,5,4.0,4.0
17,10,3.0,3.0
17,58,5.0,5.0
17,19,5.0,5.0
17,61,1.0,1.0
17,64,1.0,1.0
17,9,3.0,3.0
17,89,3.0,3.0
17,14,4.0,4.0
17,71,2.0,2.0
17,18,1.0,1.0
17,74,3.0,3.0
17,84,4.0,4.0
17,86,1.0,1.0
17,37,5.0,5.0
17,60,3.0,3.0
17,76,4.0,4.0
17,79,1.0,1.0
17,7,4.0,4.0
17,21,4.0,4.0
17,35,1.0,1.0
17,50,3.0,3.0
17,88,5.0,5.0
17,17,5.0,5.0
17,93,2.0,2.0
17,75,5.0,5.0
17,66,2.0,2.0
17,85,3.0,3.0
17,23,4.0,4.0
17,51,2.0,2.0
17,8,2.0,2.0
17,42,5.0,5.0
17,12,1.0,1.0
17,28,3.0,3.0
17,30,4.0,4.0
17,90,5.0,5.0
17,32,1.0,1.0
18,2,2.0,2.0
18,5,1.0,1.0
18,10,2.0,2.0
18,11,5.0,5.0
18,69,3.0,3.0
18,89,5.0,5.0
18,14,5.0,5.0
18,29,3.0,3.0
18,3,5.0,5.0
18,8,5.0,5.0
18,74,2.0,2.0
18,1,4.0,4.0
18,12,4.0,4.0
18,15,5.0,5.0
18,19,3.0,3.0
18,79,1.0,1.0
18,85,3.0,3.0
18,39,4.0,4.0
18,0,4.0,4.0
18,37,4.0,4.0
18,9,3.0,3.0
18,71,3.0,3.0
18,18,1.0,1.0
18,16,2.0,2.0
18,23,1.0,1.0
18,75,5.0,5.0
18,4,1.0,1.0
18,93,2.0,2.0
18,21,4.0,4.0
18,66,3.0,3.0
18,72,1.0,1.0
18,7,2.0,2.0
18,50,2.0,2.0
18,30,2.0,2.0
18,20,4.0,4.0
18,35,1.0,1.0
18,64,1.0,1.0
19,2,2.0,2.0
19,3,4.0,4.0
19,7,3.0,3.0
19,35,4.0,4.0
19,19,5.0,5.0
19,0,4.0,4.0
19,8,4.0,4.0
19,11,5.0,5.0
19,16,3.0,3.0
19,1,4.0,4.0
19,67,4.0,4.0
19,29,4.0,4.0
19,79,4.0,4.0
19,50,3.0,3.0
19,4,2.0,2.0
19,13,2.0,2.0
19,17,3.0,3.0
19,21,4.0,4.0
19,9,3.0,3.0
19,23,4.0,4.0
19,62,4.0,4.0
19,26,1.0,1.0
19,82,1.0,1.0
19,14,3.0,3.0
19,57,1.0,1.0
19,59,1.0,1.0
19,28,3.0,3.0
19,12,3.0,3.0
19,66,3.0,3.0
19,83,2.0,2.0
19,85,4.0,4.0
19,39,1.0,1.0
19,89,2.0,2.0
19,49,2.0,2.0
19,32,1.0,1.0
19,18,2.0,2.0
19,93,2.0,2.0
19,25,3.0,3.0
19,78,1.0,1.0
19,5,1.0,1.0
19,81,5.0,5.0
19,22,4.0,4.0
19,27,2.0,2.0
19,34,3.0,3.0
19,46,3.0,3.0
19,48,2.0,2.0
19,64,1.0,1.0
19,37,4.0,4.0
19,44,5.0,5.0
19,75,5.0,5.0
19,33,2.0,2.0
19,6,5.0,5.0
19,94,2.0,2.0
19,45,4.0,4.0
19,30,5.0,5.0
19,53,5.0,5.0
19,69,5.0,5.0
19,74,5.0,5.0
19,88,5.0,5.0
19,91,5.0,5.0
19,72,2.0,2.0
19,41,1.0,1.0
19,65,1.0,1.0
19,70,1.0,1.0
19,71,2.0,2.0
19,38,3.0,3.0
19,90,5.0,5.0
19,54,1.0,1.0
19,10,1.0,1.0
19,52,3.0,3.0
19,77,3.0,3.0
19,80,2.0,2.0
19,24,5.0,5.0
19,86,1.0,1.0
20,30,4.0,4.0
20,50,2.0,2.0
20,2,2.0,2.0
20,11,5.0,5.0
20,14,3.0,3.0
20,18,2.0,2.0
20,0,4.0,4.0
20,1,4.0,4.0
20,3,5.0,5.0
20,5,2.0,2.0
20,8,4.0,4.0
20,12,4.0,4.0
20,16,3.0,3.0
20,19,5.0,5.0
20,78,1.0,1.0
20,40,3.0,3.0
20,72,1.0,1.0
20,24,5.0,5.0
20,66,3.0,3.0
20,37,4.0,4.0
20,10,1.0,1.0
20,79,2.0,2.0
20,7,4.0,4.0
20,29,5.0,5.0
20,74,2.0,2.0
20,13,1.0,1.0
20,28,2.0,2.0
20,4,3.0,3.0
20,9,3.0,3.0
20,23,3.0,3.0
20,57,1.0,1.0
20,21,4.0,4.0
20,83,1.0,1.0
20,85,4.0,4.0
20,39,1.0,1.0
20,89,2.0,2.0
20,75,5.0,5.0
20,53,5.0,5.0
20,93,1.0,1.0
20,35,2.0,2.0
20,42,5.0,5.0
20,32,1.0,1.0
20,17,5.0,5.0
20,31,3.0,3.0
20,49,3.0,3.0
21,50,2.0,2.0
21,89,5.0,5.0
21,14,5.0,5.0
21,93,3.0,3.0
21,75,5.0,5.0
21,66,4.0,4.0
21,35,1.0,1.0
21,23,1.0,1.0
21,2,2.0,2.0
21,83,3.0,3.0
21,7,2.0,2.0
21,9,3.0,3.0
21,11,5.0,5.0
21,17,4.0,4.0
21,18,1.0,1.0
21,72,2.0,2.0
21,74,4.0,4.0
21,4,1.0,1.0
21,85,4.0,4.0
21,71,1.0,1.0
21,16,3.0,3.0
21,21,3.0,3.0
21,37,2.0,2.0
22,0,5.0,5.0
22,1,4.0,4.0
22,2,3.0,3.0
22,3,4.0,4.0
22,11,5.0,5.0
22,89,2.0,2.0
22,14,4.0,4.0
22,18,2.0,2.0
22,93,2.0,2.0
22,95,1.0,1.0
22,60,4.0,4.0
22,61,1.0,1.0
22,8,3.0,3.0
22,16,2.0,2.0
22,64,1.0,1.0
22,5,4.0,4.0
22,19,5.0,5.0
22,10,3.0,3.0
22,72,1.0,1.0
22,43,2.0,2.0
22,78,3.0,3.0
22,66,1.0,1.0
22,37,5.0,5.0
22,67,1.0,1.0
22,58,5.0,5.0
22,51,1.0,1.0
22,76,3.0,3.0
22,79,2.0,2.0
22,4,3.0,3.0
22,7,3.0,3.0
22,85,4.0,4.0
22,74,3.0,3.0
22,75,5.0,5.0
22,50,1.0,1.0
22,12,1.0,1.0
22,21,4.0,4.0
22,9,3.0,3.0
22,86,1.0,1.0
22,29,2.0,2.0
22,68,5.0,5.0
22,55,5.0,5.0
22,84,4.0,4.0
22,73,4.0,4.0
22,13,2.0,2.0
22,49,5.0,5.0
22,35,2.0,2.0
23,0,5.0,5.0
23,1,4.0,4.0
23,3,3.0,3.0
23,5,3.0,3.0
23,84,4.0,4.0
23,8,2.0,2.0
23,37,5.0,5.0
23,10,3.0,3.0
23,11,5.0,5.0
23,29,4.0,4.0
23,19,4.0,4.0
23,64,1.0,1.0
23,68,5.0,5.0
23,58,5.0,5.0
23,60,3.0,3.0
23,61,1.0,1.0
23,66,2.0,2.0
23,35,3.0,3.0
23,12,1.0,1.0
23,72,2.0,2.0
23,21,2.0,2.0
23,74,2.0,2.0
23,4,3.0,3.0
23,89,3.0,3.0
23,14,4.0,4.0
23,16,2.0,2.0
23,93,1.0,1.0
23,71,2.0,2.0
23,86,1.0,1.0
23,79,4.0,4.0
23,18,1.0,1.0
23,76,3.0,3.0
23,50,2.0,2.0
23,32,1.0,1.0
23,9,4.0,4.0
23,51,1.0,1.0
23,43,1.0,1.0
23,78,2.0,2.0
23,75,5.0,5.0
23,73,5.0,5.0
23,13,4.0,4.0
23,55,5.0,5.0
23,2,3.0,3.0
23,7,4.0,4.0
24,50,3.0,3.0
24,2,2.0,2.0
24,4,3.0,3.0
24,37,1.0,1.0
24,11,5.0,5.0
24,18,1.0,1.0
24,66,4.0,4.0
24,9,2.0,2.0
24,89,5.0,5.0
24,14,5.0,5.0
24,93,3.0,3.0
24,75,5.0,5.0
24,85,4.0,4.0
24,16,4.0,4.0
24,72,1.0,1.0
24,21,3.0,3.0
24,83,1.0,1.0
24,17,2.0,2.0
24,35,2.0,2.0
24,13,2.0,2.0
24,7,1.0,1.0
24,74,3.0,3.0
24,3,4.0,4.0
25,80,1.0,1.0
25,2,1.0,1.0
25,4,1.0,1.0
25,9,3.0,3.0
25,14,4.0,4.0
25,16,2.0,2.0
25,17,3.0,3.0
25,18,2.0,2.0
25,21,5.0,5.0
25,26,1.0,1.0
25,34,3.0,3.0
25,35,3.0,3.0
25,49,2.0,2.0
25,50,3.0,3.0
25,62,5.0,5.0
25,69,5.0,5.0
25,78,1.0,1.0
25,30,5.0,5.0
25,66,4.0,4.0
25,6,5.0,5.0
25,13,2.0,2.0
25,72,2.0,2.0
25,52,3.0,3.0
25,85,3.0,3.0
25,11,5.0,5.0
25,57,1.0,1.0
25,77,2.0,2.0
25,37,4.0,4.0
25,25,3.0,3.0
25,7,4.0,4.0
25,87,3.0,3.0
25,94,2.0,2.0
25,32,2.0,2.0
25,38,3.0,3.0
25,47,2.0,2.0
25,70,1.0,1.0
25,83,2.0,2.0
25,89,5.0,5.0
25,75,5.0,5.0
25,67,4.0,4.0
25,71,1.0,1.0
25,23,4.0,4.0
25,53,5.0,5.0
25,54,1.0,1.0
25,81,5.0,5.0
25,22,4.0,4.0
25,48,2.0,2.0
25,82,1.0,1.0
25,27,3.0,3.0
25,56,2.0,2.0
25,65,1.0,1.0
25,91,5.0,5.0
25,90,4.0,4.0
25,3,3.0,3.0
25,46,4.0,4.0
25,86,1.0,1.0
25,88,4.0,4.0
25,41,1.0,1.0
25,39,2.0,2.0
25,74,5.0,5.0
25,93,3.0,3.0
25,63,4.0,4.0
25,45,4.0,4.0
26,30,5.0,5.0
26,66,3.0,3.0
26,50,4.0,4.0
26,35,3.0,3.0
26,53,5.0,5.0
26,11,5.0,5.0
26,89,1.0,1.0
26,90,4.0,4.0
26,14,3.0,3.0
26,16,2.0,2.0
26,18,2.0,2.0
26,23,4.0,4.0
26,78,1.0,1.0
26,9,3.0,3.0
26,72,3.0,3.0
26,49,2.0,2.0
26,32,1.0,1.0
26,4,1.0,1.0
26,2,2.0,2.0
26,83,3.0,3.0
26,7,3.0,3.0
26,6,5.0,5.0
26,34,3.0,3.0
26,17,2.0,2.0
26,21,3.0,3.0
26,46,4.0,4.0
26,39,4.0,4.0
26,0,5.0,5.0
26,1,4.0,4.0
26,3,5.0,5.0
26,36,2.0,2.0
26,12,3.0,3.0
26,69,4.0,4.0
26,63,4.0,4.0
26,82,1.0,1.0
26,85,3.0,3.0
26,87,2.0,2.0
26,88,2.0,2.0
26,22,5.0,5.0
26,25,2.0,2.0
26,27,3.0,3.0
26,48,2.0,2.0
26,57,1.0,1.0
26,62,4.0,4.0
26,8,4.0,4.0
26,93,2.0,2.0
26,67,5.0,5.0
26,71,1.0,1.0
26,75,5.0,5.0
26,13,1.0,1.0
26,44,5.0,5.0
26,19,5.0,5.0
26,29,4.0,4.0
26,74,4.0,4.0
26,26,1.0,1.0
26,37,4.0,4.0
26,33,2.0,2.0
26,43,1.0,1.0
26,94,2.0,2.0
26,45,3.0,3.0
26,54,2.0,2.0
26,91,5.0,5.0
26,80,1.0,1.0
26,86,1.0,1.0
26,64,1.0,1.0
26,5,2.0,2.0
26,58,5.0,5.0
26,15,4.0,4.0
26,68,3.0,3.0
26,10,1.0,1.0
26,61,1.0,1.0
26,55,5.0,5.0
26,79,3.0,3.0
27,35,2.0,2.0
27,74,5.0,5.0
27,1,3.0,3.0
27,3,4.0,4.0
27,8,4.0,4.0
27,37,5.0,5.0
27,58,5.0,5.0
27,61,1.0,1.0
27,11,5.0,5.0
27,12,4.0,4.0
27,15,5.0,5.0
27,19,3.0,3.0
27,79,2.0,2.0
27,0,3.0,3.0
27,29,4.0,4.0
27,66,3.0,3.0
27,5,2.0,2.0
27,16,1.0,1.0
27,72,1.0,1.0
27,40,4.0,4.0
27,64,1.0,1.0
27,2,2.0,2.0
27,7,2.0,2.0
27,13,1.0,1.0
27,14,3.0,3.0
27,89,2.0,2.0
27,93,1.0,1.0
27,18,1.0,1.0
27,9,3.0,3.0
27,68,1.0,1.0
27,55,5.0,5.0
27,10,1.0,1.0
27,20,3.0,3.0
27,85,4.0,4.0
27,75,5.0,5.0
27,42,5.0,5.0
27,39,2.0,2.0
27,4,2.0,2.0
27,31,4.0,4.0
27,50,4.0,4.0
27,21,3.0,3.0
27,23,2.0,2.0
28,66,3.0,3.0
28,35,3.0,3.0
28,85,4.0,4.0
28,11,5.0,5.0
28,14,3.0,3.0
28,93,1.0,1.0
28,74,2.0,2.0
28,50,3.0,3.0
28,83,1.0,1.0
28,9,3.0,3.0
28,39,1.0,1.0
28,89,2.0,2.0
28,2,3.0,3.0
28,4,3.0,3.0
28,7,3.0,3.0
28,75,5.0,5.0
28,0,4.0,4.0
28,1,4.0,4.0
28,3,5.0,5.0
28,8,4.0,4.0
28,37,5.0,5.0
28,13,2.0,2.0
28,16,4.0,4.0
28,18,1.0,1.0
28,72,1.0,1.0
28,49,4.0,4.0
28,32,1.0,1.0
28,23,2.0,2.0
28,19,5.0,5.0
28,30,4.0,4.0
28,42,5.0,5.0
28,29,5.0,5.0
28,10,2.0,2.0
28,28,2.0,2.0
28,12,4.0,4.0
28,64,1.0,1.0
28,71,1.0,1.0
28,5,3.0,3.0
28,79,2.0,2.0
28,22,2.0,2.0
28,21,4.0,4.0
28,78,2.0,2.0
28,17,5.0,5.0
28,57,1.0,1.0
29,30,5.0,5.0
29,66,4.0,4.0
29,50,4.0,4.0
29,4,1.0,1.0
29,82,1.0,1.0
29,35,4.0,4.0
29,53,5.0,5.0
29,69,5.0,5.0
29,11,5.0,5.0
29,18,2.0,2.0
29,23,4.0,4.0
29,2,2.0,2.0
29,80,1.0,1.0
29,83,1.0,1.0
29,7,3.0,3.0
29,14,4.0,4.0
29,16,2.0,2.0
29,17,3.0,3.0
29,94,2.0,2.0
29,21,5.0,5.0
29,22,5.0,5.0
29,26,1.0,1.0
29,27,3.0,3.0
29,32,2.0,2.0
29,34,3.0,3.0
29,48,3.0,3.0
29,56,3.0,3.0
29,57,1.0,1.0
29,65,2.0,2.0
29,78,1.0,1.0
29,54,2.0,2.0
29,9,4.0,4.0
29,93,1.0,1.0
29,47,2.0,2.0
29,1,3.0,3.0
29,37,5.0,5.0
29,52,4.0,4.0
29,89,3.0,3.0
29,72,4.0,4.0
29,77,2.0,2.0
29,13,2.0,2.0
29,39,3.0,3.0
29,59,1.0,1.0
29,85,4.0,4.0
29,86,1.0,1.0
29,88,4.0,4.0
29,49,2.0,2.0
29,75,5.0,5.0
29,0,5.0,5.0
29,3,3.0,3.0
29,5,2.0,2.0
29,10,2.0,2.0
29,19,4.0,4.0
29,43,1.0,1.0
29,84,2.0,2.0
29,73,3.0,3.0
29,61,1.0,1.0
29,64,1.0,1.0
29,25,3.0,3.0
29,81,5.0,5.0
29,46,4.0,4.0
29,62,4.0,4.0
29,6,5.0,5.0
29,87,1.0,1.0
29,33,3.0,3.0
29,74,5.0,5.0
29,38,3.0,3.0
29,67,5.0,5.0
29,41,2.0,2.0
29,44,5.0,5.0
29,36,1.0,1.0
29,71,2.0,2.0
29,60,3.0,3.0
29,76,3.0,3.0
29,79,4.0,4.0
29,90,5.0,5.0
29,91,4.0,4.0
29,45,4.0,4.0
29,70,1.0,1.0
29,29,2.0,2.0
29,12,2.0,2.0
29,92,1.0,1.0
29,58,5.0,5.0
29,51,1.0,1.0
29,8,3.0,3.0
29,63,4.0,4.0
29,55,5.0,5.0
